{
  "timestamp": "2025-05-28T17:48:32.625802",
  "total_restaurants": 695,
  "best_algorithm": "dbscan",
  "n_clusters": 6,
  "silhouette_score": 0.9844456621983795,
  "cluster_sizes": {
    "cluster_0": 22,
    "cluster_1": 16,
    "cluster_2": 17,
    "cluster_3": 16,
    "cluster_4": 47,
    "cluster_5": 33,
    "noise": 544
  },
  "pca_explained_variance": [
    0.07255864552573094,
    0.05788591709776686
  ]
}